,Req,Street,Area,Price,Available,Link,Added,Image
0,TRUE,Flat 3/2 83 Hyndland Street,,"£1,200 pcm",Added on 04/05/2023,https://www.rightmove.co.uk/properties/135428090#/?channel=RES_LET,13:39 2023/06/02,https://media.rightmove.co.uk:443/dir/crop/10:9-16:9/76k/75848/135428090/75848_32298052_IMG_00_0000_max_476x317.jpeg
1,TRUE,Fox Street, City Centre,"£1,200 pcm",Added on 16/05/2023,https://www.rightmove.co.uk/properties/134863289#/?channel=RES_LET,13:39 2023/06/02,https://media.rightmove.co.uk:443/dir/crop/10:9-16:9/6k/5827/134863289/5827_101094003038_IMG_00_0000_max_476x317.jpeg
2,TRUE,Bell Street, Glasgow  G4 0TD,"£1,200 pcm",Added on 31/05/2023,https://www.rightmove.co.uk/properties/135519809#/?channel=RES_LET,13:39 2023/06/02,https://media.rightmove.co.uk:443/dir/crop/10:9-16:9/72k/71789/135519809/71789_act116_IMG_00_0000_max_476x317.jpeg
3,TRUE,Stobcross Street, Finnieston  G3,"£1,200 pcm",Added on 28/04/2023,https://www.rightmove.co.uk/properties/134239544#/?channel=RES_LET,13:39 2023/06/02,https://media.rightmove.co.uk:443/dir/crop/10:9-16:9/4k/3304/134239544/3304_000772561_IMG_00_0000_max_476x317.jpeg
4,TRUE,St. Andrews Square, Glasgow,"£1,200 pcm",Added today,https://www.rightmove.co.uk/properties/135631640#/?channel=RES_LET,17:17 2023/06/02,https://media.rightmove.co.uk:443/dir/crop/10:9-16:9/77k/76912/135631640/76912_000751768_IMG_00_0000_max_476x317.jpeg
5,TRUE,Hill Street, Garnethill  Glasgow  G3,"£1,200 pcm",Added on 26/05/2023,https://www.rightmove.co.uk/properties/135338738#/?channel=RES_LET,13:39 2023/06/02,https://media.rightmove.co.uk:443/dir/crop/10:9-16:9/12k/11124/135338738/11124_P2329_IMG_00_0000_max_476x317.jpeg
6,TRUE,Otago Street, Hillhead  Glasgow  G12,"£1,200 pcm",Added yesterday,https://www.rightmove.co.uk/properties/135599015#/?channel=RES_LET,13:39 2023/06/02,https://media.rightmove.co.uk:443/dir/crop/10:9-16:9/59k/58202/135599015/58202_P1174_IMG_00_0001_max_476x317.jpeg
7,TRUE,Bedford Street, Glasgow  G5,"£1,200 pcm",Added on 25/05/2023,https://www.rightmove.co.uk/properties/135295379#/?channel=RES_LET,13:39 2023/06/02,https://media.rightmove.co.uk:443/dir/crop/10:9-16:9/4k/3304/135295379/3304_000747479_IMG_00_0000_max_476x317.jpeg
8,TRUE,WOODLANDS, West Princess Street,"£1,200 pcm",Added yesterday,https://www.rightmove.co.uk/properties/135587297#/?channel=RES_LET,13:39 2023/06/02,https://media.rightmove.co.uk:443/dir/crop/10:9-16:9/208k/207407/135587297/207407_100720001537_IMG_00_0000_max_476x317.jpeg
9,TRUE,Flat 1/2, 73 Port Dundas Road  G4 0HF,"£1,200 pcm",Added yesterday,https://www.rightmove.co.uk/properties/135562850#/?channel=RES_LET,13:39 2023/06/02,
10,TRUE,Clyde Street , Glasgow  G1 4LH ,"£1,200 pcm",Added on 04/05/2023,https://www.rightmove.co.uk/properties/134448374#/?channel=RES_LET,13:39 2023/06/02,https://media.rightmove.co.uk:443/dir/crop/10:9-16:9/72k/71789/134448374/71789_act348_IMG_00_0000_max_476x317.jpeg
11,TRUE,2/2 at 21 Turnbull Street, G1,"£1,200 pcm",Added on 15/05/2023,https://www.rightmove.co.uk/properties/134828987#/?channel=RES_LET,13:39 2023/06/02,https://media.rightmove.co.uk:443/dir/crop/10:9-16:9/63k/62846/134828987/62846_946604_IMG_04_0000_max_476x317.jpeg
12,TRUE,St Vincent Street, Finnieston  Glasgow  G3,"£1,200 pcm",Added on 22/05/2023,https://www.rightmove.co.uk/properties/135113996#/?channel=RES_LET,13:39 2023/06/02,https://media.rightmove.co.uk:443/dir/crop/10:9-16:9/226k/225530/135113996/225530_P1754_IMG_00_0000_max_476x317.jpeg
13,TRUE,Lancefield Quay, Finnieston  Glasgow  G3,"£1,195 pcm",Reduced on 16/05/2023,https://www.rightmove.co.uk/properties/133920704#/?channel=RES_LET,13:39 2023/06/02,https://media.rightmove.co.uk:443/dir/crop/10:9-16:9/12k/11124/133920704/11124_P140_IMG_00_0003_max_476x317.jpeg
14,TRUE,Rosevale Street, Glasgow  G11,"£1,195 pcm",Added on 05/05/2023,https://www.rightmove.co.uk/properties/134493554#/?channel=RES_LET,13:39 2023/06/02,https://media.rightmove.co.uk:443/dir/crop/10:9-16:9/240k/239960/134493554/239960_23RSPCAQM_IMG_00_0000_max_476x317.jpeg
15,TRUE,Glenfarg Street, Glasgow  G20,"£1,195 pcm",Added on 13/04/2023,https://www.rightmove.co.uk/properties/133591121#/?channel=RES_LET,13:39 2023/06/02,https://media.rightmove.co.uk:443/dir/crop/10:9-16:9/110k/109514/133591121/109514_P4030_IMG_00_0000_max_476x317.jpeg
16,TRUE,St George's Road, Charing Cross  Glasgow  G3,"£1,195 pcm",Added on 02/05/2023,https://www.rightmove.co.uk/properties/134330237#/?channel=RES_LET,13:39 2023/06/02,https://media.rightmove.co.uk:443/dir/crop/10:9-16:9/110k/109514/134330237/109514_P3989_IMG_00_0001_max_476x317.jpeg
17,TRUE,Wallace Street, Glasgow  G5,"£1,195 pcm",Reduced on 31/05/2023,https://www.rightmove.co.uk/properties/134490272#/?channel=RES_LET,13:39 2023/06/02,https://media.rightmove.co.uk:443/dir/crop/10:9-16:9/38k/37230/134490272/37230_LOC221733_L_IMG_17_0000_max_476x317.jpeg
18,TRUE,Cochrane Street, Glasgow  G1,"£1,195 pcm",Added on 12/05/2023,https://www.rightmove.co.uk/properties/134764043#/?channel=RES_LET,13:39 2023/06/02,https://media.rightmove.co.uk:443/dir/crop/10:9-16:9/38k/37230/134764043/37230_DJC221223_L_IMG_00_0000_max_476x317.jpeg
19,TRUE,Crawford Lane, Glasgow  G11,"£1,190 pcm",Added today,https://www.rightmove.co.uk/properties/135630794#/?channel=RES_LET,17:17 2023/06/02,https://media.rightmove.co.uk:443/dir/crop/10:9-16:9/97k/96668/135630794/96668_172309202062023_IMG_00_0000_max_476x317.jpeg
20,TRUE,Bath Street, City Centre  Glasgow  G2 1HG,"£1,175 pcm",Added on 18/05/2023,https://www.rightmove.co.uk/properties/134942918#/?channel=RES_LET,13:39 2023/06/02,https://media.rightmove.co.uk:443/dir/crop/10:9-16:9/198k/197270/134942918/197270_CPBATH101_IMG_08_0000_max_476x317.jpeg
21,TRUE,Solasta Riverside, Clyde Place  Glasgow  G5,"£1,170 pcm",Added yesterday,https://www.rightmove.co.uk/properties/128114204#/?channel=RES_LET,13:39 2023/06/02,https://media.rightmove.co.uk:443/dir/crop/10:9-16:9/251k/250478/128114204/250478_Unfurnished1bedNew1_IMG_10_0000_max_476x317.jpeg
22,TRUE,Cecil Street, Glasgow  G12,"£1,150 pcm",Added on 30/05/2023,https://www.rightmove.co.uk/properties/135459839#/?channel=RES_LET,13:39 2023/06/02,https://media.rightmove.co.uk:443/dir/crop/10:9-16:9/110k/109514/135459839/109514_P1772_IMG_00_0001_max_476x317.jpeg
23,TRUE,Ingram Street, Glasgow  G1,"£1,150 pcm",Added on 15/05/2023,https://www.rightmove.co.uk/properties/134815496#/?channel=RES_LET,17:17 2023/06/02,https://media.rightmove.co.uk:443/dir/crop/10:9-16:9/110k/109514/134815496/109514_P2907_IMG_00_0002_max_476x317.jpeg
24,TRUE,Crawford Lane, Glasgow G11,"£1,190 pcm",Available from 1st Jul 2023,https://www.zoopla.co.uk/to-rent/details/64773760/?search_identifier=43e9b35022883f2fd8d9c510590f6749b9de8f068514a03009969623c7586a9c,17:17 2023/06/02,https://lid.zoocdn.com/645/430/91e74a7143ed0ed33a88b8e984aa9859fa019eb8.jpg
25,TRUE,Kent Road, Charing Cross  Glasgow G3,"£1,000 pcm",Available from 23rd Jun 2023,https://www.zoopla.co.uk/to-rent/details/64772170/?search_identifier=43e9b35022883f2fd8d9c510590f6749b9de8f068514a03009969623c7586a9c,17:17 2023/06/02,https://lid.zoocdn.com/645/430/9fe98d8d2abfe01be7f572e8f678d8f139b36fcb.jpg
26,TRUE,Albion Gate, Glasgow G1,"£1,100 pcm",Available from 6th Jul 2023,https://www.zoopla.co.uk/to-rent/details/64768779/?search_identifier=43e9b35022883f2fd8d9c510590f6749b9de8f068514a03009969623c7586a9c,17:17 2023/06/02,https://lid.zoocdn.com/645/430/1e6d600364c4429d494ee9a0858c357bc82f03c1.jpg
27,TRUE,Flat 1/2, 73 Port Dundas Road G4,"£1,200 pcm",Available from 28th Jun 2023,https://www.zoopla.co.uk/to-rent/details/64768780/?search_identifier=43e9b35022883f2fd8d9c510590f6749b9de8f068514a03009969623c7586a9c,17:17 2023/06/02,https://lid.zoocdn.com/645/430/9c5b36732bf683e1865d8021f87d8e4dcb9adb17.jpg
28,TRUE,Ashley Street, Glasgow G3,£895 pcm,Available immediately,https://www.zoopla.co.uk/to-rent/details/64768592/?search_identifier=43e9b35022883f2fd8d9c510590f6749b9de8f068514a03009969623c7586a9c,17:17 2023/06/02,https://lid.zoocdn.com/645/430/0b7cb66a77cfb2c295aafedc53fdfc5b1a8cbbe4.jpg
29,TRUE,White Street, Glasgow G11,"£1,100 pcm",Available immediately,https://www.zoopla.co.uk/to-rent/details/56119887/?search_identifier=43e9b35022883f2fd8d9c510590f6749b9de8f068514a03009969623c7586a9c,17:17 2023/06/02,https://lid.zoocdn.com/645/430/e775451420db0f4c5f169536e24cd50129d138f6.jpg
30,TRUE,Otago Street, Hillhead  Glasgow G12,"£1,200 pcm",Available immediately,https://www.zoopla.co.uk/to-rent/details/64768253/?search_identifier=43e9b35022883f2fd8d9c510590f6749b9de8f068514a03009969623c7586a9c,17:17 2023/06/02,https://lid.zoocdn.com/645/430/d23ea96a90092d863ed2f28727ae581338aa145a.jpg
31,TRUE,St. Georges Road, Glasgow City G3,£895 pcm,Available immediately,https://www.zoopla.co.uk/to-rent/details/64767324/?search_identifier=43e9b35022883f2fd8d9c510590f6749b9de8f068514a03009969623c7586a9c,17:17 2023/06/02,https://lid.zoocdn.com/645/430/824b2375bfe93537388683e039184e61ad512499.jpg
32,TRUE,West Princes Street, Glasgow G4,"£1,200 pcm",Available from 7th Jul 2023,https://www.zoopla.co.uk/to-rent/details/47802185/?search_identifier=43e9b35022883f2fd8d9c510590f6749b9de8f068514a03009969623c7586a9c,17:17 2023/06/02,https://lid.zoocdn.com/645/430/b0973f702db968e16fd2551230436d82cce7eba9.jpg
33,TRUE,Hughenden Lane, Glasgow G12,£850 pcm,Available from 26th Jun 2023,https://www.zoopla.co.uk/to-rent/details/64765175/?search_identifier=43e9b35022883f2fd8d9c510590f6749b9de8f068514a03009969623c7586a9c,17:17 2023/06/02,https://lid.zoocdn.com/645/430/0c3ba88fa371316db4786ac6758e315323476ea2.jpg
34,TRUE,Dumbarton Road, Glasgow G11,£695 pcm,Available from 18th Jun 2023,https://www.zoopla.co.uk/to-rent/details/64765127/?search_identifier=43e9b35022883f2fd8d9c510590f6749b9de8f068514a03009969623c7586a9c,17:17 2023/06/02,https://lid.zoocdn.com/645/430/3f20a6d03359787b595195d22eec36ebb9ce61cc.jpg
35,TRUE,Raeberry Street, North Kelvinside  Glasgow G20,"£1,000 pcm",Available immediately,https://www.zoopla.co.uk/to-rent/details/64761900/?search_identifier=43e9b35022883f2fd8d9c510590f6749b9de8f068514a03009969623c7586a9c,17:17 2023/06/02,https://lid.zoocdn.com/645/430/fce7d9c5ba0e0cf5913bac2ccd013c564628cb29.jpg
36,TRUE,Dorset Street, Glasgow G3,£925 pcm,Available from 21st Jul 2023,https://www.zoopla.co.uk/to-rent/details/64761669/?search_identifier=43e9b35022883f2fd8d9c510590f6749b9de8f068514a03009969623c7586a9c,17:17 2023/06/02,https://lid.zoocdn.com/645/430/4dea69a6fc010e9815f8a3adbc14b934d67ffc01.jpg
37,TRUE,Clynder Street, Glasgow G51,"£1,050 pcm",Available immediately,https://www.zoopla.co.uk/to-rent/details/64760338/?search_identifier=43e9b35022883f2fd8d9c510590f6749b9de8f068514a03009969623c7586a9c,17:17 2023/06/02,https://lid.zoocdn.com/645/430/a5e693bfc8a0b49b0270ffc8861e53ae573b111e.jpg
38,TRUE,Act395 Wallace Street, Glasgow G5,"£1,100 pcm",Available from 10th Jul 2023,https://www.zoopla.co.uk/to-rent/details/64758152/?search_identifier=43e9b35022883f2fd8d9c510590f6749b9de8f068514a03009969623c7586a9c,17:17 2023/06/02,https://lid.zoocdn.com/645/430/019084df87465ab52a611868a980b3f0a76f0648.jpg
39,TRUE,Huntly Gardens, Glasgow G12,£750 pcm,Available from 10th Jul 2023,https://www.zoopla.co.uk/to-rent/details/51147577/?search_identifier=43e9b35022883f2fd8d9c510590f6749b9de8f068514a03009969623c7586a9c,17:17 2023/06/02,https://lid.zoocdn.com/645/430/f83855e5e28067a40e89eccf741a21ced0675c2d.jpg
40,TRUE,Harvie Street, Govan  Glasgow G51,£495 pcm,Available immediately,https://www.zoopla.co.uk/to-rent/details/64756913/?search_identifier=43e9b35022883f2fd8d9c510590f6749b9de8f068514a03009969623c7586a9c,17:17 2023/06/02,https://lid.zoocdn.com/645/430/5fb5f26aae35dc13512568ee21d24f0a1636ad2a.jpg
41,TRUE,Paisley Road West, Glasgow G51,£895 pcm,Available from 19th Jul 2023,https://www.zoopla.co.uk/to-rent/details/64755936/?search_identifier=43e9b35022883f2fd8d9c510590f6749b9de8f068514a03009969623c7586a9c,17:17 2023/06/02,https://lid.zoocdn.com/645/430/d535cd0ca80315f623e838030013db59e2bac8e7.jpg
42,TRUE,Paisley Road West, Glasgow G51,£795 pcm,Available immediately,https://www.zoopla.co.uk/to-rent/details/64755933/?search_identifier=43e9b35022883f2fd8d9c510590f6749b9de8f068514a03009969623c7586a9c,17:17 2023/06/02,https://lid.zoocdn.com/645/430/5396328d0841304716454fe231f43669566d37fe.jpg
43,TRUE,Cochrane Street, Glasgow G1,"£1,195 pcm",Available immediately,https://www.zoopla.co.uk/to-rent/details/64751133/?search_identifier=43e9b35022883f2fd8d9c510590f6749b9de8f068514a03009969623c7586a9c,17:17 2023/06/02,https://lid.zoocdn.com/645/430/83ea51bb6d9ad5a5d62137e6b5bc83fda8c96a4b.jpg
44,TRUE,Dorset Street, Glasgow G3,£695 pcm,Available from 26th Jun 2023,https://www.zoopla.co.uk/to-rent/details/64749744/?search_identifier=43e9b35022883f2fd8d9c510590f6749b9de8f068514a03009969623c7586a9c,17:17 2023/06/02,https://lid.zoocdn.com/645/430/10b75eb8b6c1cfad0b2aed3b827b2bf9cf96df8b.jpg
45,TRUE,Church Street, Partick  Glasgow G11,"£1,010 pcm",Available from 3rd Jul 2023,https://www.zoopla.co.uk/to-rent/details/64745546/?search_identifier=43e9b35022883f2fd8d9c510590f6749b9de8f068514a03009969623c7586a9c,17:17 2023/06/02,https://lid.zoocdn.com/645/430/7c6f8b4ea393fc66dced8e2b8e3352e68bcaead7.jpg
46,TRUE,Garriochmill Road, Glasgow G20,£750 pcm,Available from 3rd Jul 2023,https://www.zoopla.co.uk/to-rent/details/51687968/?search_identifier=43e9b35022883f2fd8d9c510590f6749b9de8f068514a03009969623c7586a9c,17:17 2023/06/02,https://lid.zoocdn.com/645/430/26a1a1e13d3df836c769eb6da9c1e3638f0273db.jpg
47,TRUE,380 North Woodside Road, Glasgow G20,£650 pcm,Available from 21st Jun 2023,https://www.zoopla.co.uk/to-rent/details/52569301/?search_identifier=43e9b35022883f2fd8d9c510590f6749b9de8f068514a03009969623c7586a9c,17:17 2023/06/02,https://lid.zoocdn.com/645/430/5612d1263a3d3325bf1be63298cf351c9c60e266.jpg
48,TRUE,Dorset Street, Glasgow G3,"£1,050 pcm",Available immediately,https://www.zoopla.co.uk/to-rent/details/64744545/?search_identifier=43e9b35022883f2fd8d9c510590f6749b9de8f068514a03009969623c7586a9c,17:17 2023/06/02,https://lid.zoocdn.com/645/430/6d07cd4713b8261d78d7add7efb3a6677c40f283.jpg
49,TRUE,Spean Street , Glasgow G44,£750 pcm (£173 pw),No Info,https://www.onthemarket.com/details/10203451/,13:39 2023/06/02,https://media.onthemarket.com/properties/10203451/1446592166/image-0-480x320.jpg
50,TRUE,Commore Drive, Knightwood  Glasgow  G13,"£1,195 pcm (£276 pw)",No Info,https://www.onthemarket.com/details/12468024/,17:17 2023/06/02,https://media.onthemarket.com/properties/12468024/1447275775/image-0-480x320.jpg
51,TRUE,Crammond Terrace, Budhill,£650 pcm (£150 pw),No Info,https://www.onthemarket.com/details/13285652/,17:17 2023/06/02,https://media.onthemarket.com/properties/13285652/1447269503/image-0-480x320.jpg
52,TRUE,Albion Street, Albion Gate  Merchant City  Glasgow  G1,£775 pcm (£179 pw),No Info,https://www.onthemarket.com/details/12698501/,17:17 2023/06/02,https://media.onthemarket.com/properties/12698501/1447269285/image-0-480x320.jpg
53,TRUE,29 Edgemont Street, Shawlands  G41 3EH,£825 pcm (£190 pw),No Info,https://www.onthemarket.com/details/13285562/,17:17 2023/06/02,https://media.onthemarket.com/properties/13285562/1447268316/image-0-480x320.jpg
54,TRUE,Deanston Drive, Flat 2/2  Shawlands  Glasgow  G41 3AL,£950 pcm (£219 pw),No Info,https://www.onthemarket.com/details/9956839/,17:17 2023/06/02,https://media.onthemarket.com/properties/9956839/1447267073/image-0-480x320.jpg
55,TRUE,Fenella Street, Shettleston  Glasgow  G32,£695 pcm (£160 pw),No Info,https://www.onthemarket.com/details/13003575/,14:25 2023/06/02,https://media.onthemarket.com/properties/13003575/1438870060/image-0-480x320.jpg
56,TRUE,Lorimer Crescent, Murray  East Kilbride,"£1,095 pcm (£253 pw)",No Info,https://www.onthemarket.com/details/13285066/,14:25 2023/06/02,
57,TRUE,Park Terrace, West Mains  East Kilbride,£495 pcm (£114 pw),No Info,https://www.onthemarket.com/details/13285065/,14:25 2023/06/02,
58,TRUE,Finlay Drive, Glasgow,£725 pcm (£167 pw),No Info,https://www.onthemarket.com/details/13284930/,13:39 2023/06/02,https://media.onthemarket.com/properties/13284930/1447253221/image-0-480x320.jpg
59,TRUE,Toryglen Road, Rutherglen  Glasgow,£695 pcm (£160 pw),No Info,https://www.onthemarket.com/details/13284776/,13:39 2023/06/02,https://media.onthemarket.com/properties/13284776/1447234794/image-0-480x320.jpg
60,TRUE,Canberra Court, Braidpark Drive  Giffnock  East Ren  G46 6NS,"£1,250 pcm (£288 pw)",No Info,https://www.onthemarket.com/details/13284627/,13:39 2023/06/02,https://media.onthemarket.com/properties/13284627/1447232168/image-0-480x320.jpg
61,TRUE,Kent Road, Charing Cross  Glasgow  G3,"£1,000 pcm (£231 pw)",No Info,https://www.onthemarket.com/details/13284603/,13:39 2023/06/02,https://media.onthemarket.com/properties/13284603/1447231427/image-0-480x320.jpg
62,TRUE,Croftcroighn Road, Craigend  Glasgow,£650 pcm (£150 pw),No Info,https://www.onthemarket.com/details/13085522/,13:39 2023/06/02,https://media.onthemarket.com/properties/13085522/1447230250/image-0-480x320.jpg
63,TRUE,Martin Crescent, Baillieston,£725 pcm (£167 pw),No Info,https://www.onthemarket.com/details/13284512/,13:39 2023/06/02,https://media.onthemarket.com/properties/13284512/1447229601/image-0-480x320.jpg
64,TRUE,Garturk Street, Govanhill  Glasgow,£875 pcm (£202 pw),No Info,https://www.onthemarket.com/details/13211626/,13:39 2023/06/02,https://media.onthemarket.com/properties/13211626/1446442310/image-0-480x320.jpg
65,TRUE,Lochleven Road, Battlefield  Glasgow  G42,£875 pcm (£202 pw),No Info,https://www.onthemarket.com/details/13220657/,13:39 2023/06/02,https://media.onthemarket.com/properties/13220657/1445635081/image-0-480x320.jpg
66,TRUE,Flat 1.1,  3Burnbrae Gardens  Clydebank,£850 pcm (£196 pw),No Info,https://www.onthemarket.com/details/13283992/,13:39 2023/06/02,https://media.onthemarket.com/properties/13283992/1447214578/image-0-480x320.jpg
67,TRUE,Hillhead Road, Kirkintilloch  Glasgow,£695 pcm (£160 pw),No Info,https://www.onthemarket.com/details/13282912/,13:39 2023/06/02,https://media.onthemarket.com/properties/13282912/1447175773/image-0-480x320.jpg
68,TRUE,Parkfield, East Kilbride G75,£850 pcm (£196 pw),No Info,https://www.onthemarket.com/details/11307695/,13:39 2023/06/02,https://media.onthemarket.com/properties/11307695/1446952622/image-0-480x320.jpg
69,TRUE,Eden Street, Riddrie  Glasgow  G33 2AG,"£1,200 pcm (£277 pw)",No Info,https://www.onthemarket.com/details/13282217/,13:39 2023/06/02,https://media.onthemarket.com/properties/13282217/1447157521/image-0-480x320.jpg
70,TRUE,Otago Street, Hillhead  Glasgow  G12,"£1,200 pcm (£277 pw)",No Info,https://www.onthemarket.com/details/13282015/,13:39 2023/06/02,https://media.onthemarket.com/properties/13282015/1447151676/image-0-480x320.jpg
71,TRUE,2/2, 72 Laurel Street  Glasgow G11 7RD,£795 pcm (£183 pw),No Info,https://www.onthemarket.com/details/13281916/,13:39 2023/06/02,https://media.onthemarket.com/properties/13281916/1447150186/image-0-480x320.jpg
72,TRUE, Gallery Student  G2, 1 Bed Flat,£867 per month,Now,https://www.openrent.co.uk/1716871,13:39 2023/06/02,https://d36pgh4m67wnlt.cloudfront.net/listings/1716871/o_1h1a1mm0cqih1ab81b2kd1b1p2u1.JPG_homepage.JPG
73,TRUE, Port Dundas Place  G2, Studio Flat,"£1,200 per month",Now,https://www.openrent.co.uk/1718414,13:39 2023/06/02,https://d36pgh4m67wnlt.cloudfront.net/listings/1710955/o_1h0ptsecct9gltl1rj15paaei1.JPG_homepage.JPG
74,TRUE, Port Dundas Place  G2, Studio Flat,"£1,200 per month",Now,https://www.openrent.co.uk/1709239,13:39 2023/06/02,https://d36pgh4m67wnlt.cloudfront.net/listings/1709239/o_1h0l7o1r4en7rhr1c1dbenljm1.JPG_homepage.JPG
75,TRUE, Gallery Apartments  G2, Studio Flat,£810 per month,Now,https://www.openrent.co.uk/1718561,13:39 2023/06/02,https://d36pgh4m67wnlt.cloudfront.net/listings/1718561/o_1h1glkjaq12edc3sbth1jnemkj0.JPG_homepage.JPG
76,TRUE, Port Dundas Place  G2, Studio Flat,"£1,105 per month",Now,https://www.openrent.co.uk/1715720,13:39 2023/06/02,https://d36pgh4m67wnlt.cloudfront.net/listings/1715720/o_1h177euvg1vgq1ebn78n1fvo1jb52.JPG_homepage.JPG
77,TRUE, North Hanover Street  G4, Room in a Shared Flat,£689 per month,Now,https://www.openrent.co.uk/1715059,13:39 2023/06/02,https://d36pgh4m67wnlt.cloudfront.net/listings/1715059/o_1h1cdd3fadp417pr1lfp71a1l040.JPG_homepage.JPG
78,TRUE, Buchanan View  G4, Room in a Shared Flat,£568 per month,Now,https://www.openrent.co.uk/1721918,13:39 2023/06/02,https://d36pgh4m67wnlt.cloudfront.net/listings/1721918/o_1h1ps8kue1do61jdl1d141teubnc4.JPG_homepage.JPG
79,TRUE, Ingram Street  G1, 1 Bed Flat,£935 per month,Now,https://www.openrent.co.uk/1665454,13:39 2023/06/02,https://d36pgh4m67wnlt.cloudfront.net/listings/1539571/o_1ggqt1ulm1gpr79c1jbu1hheur24.JPG_homepage.JPG
80,TRUE, Kennedy Path  G4, 1 Bed Flat,£900 per month,Now,https://www.openrent.co.uk/1698565,13:39 2023/06/02,https://d36pgh4m67wnlt.cloudfront.net/listings/554796/o_1dapa63j4v29rl1reptf31vvb.JPG_homepage.JPG
81,TRUE, Hope Street  G2, Room in a Shared Flat,£650 per month,Now,https://www.openrent.co.uk/1687391,13:39 2023/06/02,https://d36pgh4m67wnlt.cloudfront.net/listings/1687391/o_1h1oikq2e17oisec1srnhch1iaj0.JPG_homepage.JPG
82,TRUE, Blackfriars Road  G1, Studio Flat,£895 per month,Now,https://www.openrent.co.uk/1700379,13:39 2023/06/02,https://d36pgh4m67wnlt.cloudfront.net/listings/1700379/o_1h16pbpeo1gou10tq1k17vi1gnq3.JPG_homepage.JPG
83,TRUE, Block F 10/2  G2, Room in a Shared Flat,£695 per month,Now,https://www.openrent.co.uk/1719653,13:39 2023/06/02,https://d36pgh4m67wnlt.cloudfront.net/listings/1057821/o_1f0s42k0lgo5ljh1uc31ogj1evfj.JPG_homepage.JPG
84,TRUE, Merchant Studios  G4, Studio Flat,£500 per month,Now,https://www.openrent.co.uk/1721787,13:39 2023/06/02,https://d36pgh4m67wnlt.cloudfront.net/listings/1721787/o_1h1pjckuk3j8j0p1mjuitkjga1.JPG_homepage.JPG
85,TRUE, Buccleuch St  G3, 1 Bed Flat,"£1,180 per month",Now,https://www.openrent.co.uk/1656441,13:39 2023/06/02,https://d36pgh4m67wnlt.cloudfront.net/listings/1656441/o_1grql4g271s31cgodhhhkq16t32.JPG_homepage.JPG
86,TRUE, Renfrew Street  G3, Room in a Shared Flat,£600 per month,Now,https://www.openrent.co.uk/1722160,13:39 2023/06/02,https://d36pgh4m67wnlt.cloudfront.net/listings/1556662/o_1gtqbcse314jpg2tdn1reo13hp3.JPG_homepage.JPG
87,TRUE, Bridge Street  G5, 1 Bed Flat,£825 per month,Now,https://www.openrent.co.uk/1718130,13:39 2023/06/02,https://d36pgh4m67wnlt.cloudfront.net/listings/1705036/o_1h09qob17orn1cavgpe1c9t1gsd0.JPG_homepage.JPG
88,TRUE, St. Vincent Street  G3, 1 Bed Flat,£895 per month,Now,https://www.openrent.co.uk/1698065,13:39 2023/06/02,https://d36pgh4m67wnlt.cloudfront.net/listings/765498/o_1e63ee4km1ntq1147s7p170q1nhab.JPG_homepage.JPG
89,TRUE, Bright Street  G21, 2 Bed Flat,£895 per month,Now,https://www.openrent.co.uk/1717237,13:39 2023/06/02,https://d36pgh4m67wnlt.cloudfront.net/listings/703899/o_1duli9g0g1g03p0m1t361pfqbh3b.JPG_homepage.JPG
90,TRUE, London Road  G40, 2 Bed Flat,£850 per month,Now,https://www.openrent.co.uk/1721980,13:39 2023/06/02,https://d36pgh4m67wnlt.cloudfront.net/listings/1053793/o_1f0tjq1uh17bp1thu84ldn7lj1m.JPG_homepage.JPG
91,TRUE, Bedford Street  G5, 2 Bed Flat,"£1,200 per month",Now,https://www.openrent.co.uk/1708667,13:39 2023/06/02,https://d36pgh4m67wnlt.cloudfront.net/listings/1540795/o_1gi3raqcj4ua6sm1uqv1ph91ldf0.JPG_homepage.JPG
92,TRUE,Raeberry Street,North Kelvinside  Glasgow  G20 6EE,"£1,000 PCM",Now,https://www.clydeproperty.co.uk/properties/rlwr3210-raeberry-street-flat-1-2-north-kelvinside-glasgow-g20-6ee/,13:39 2023/06/02,https://www.clydeproperty.co.uk/wp-content/uploads/2023/06/property-image-1117470-0-800x533.jpg
93,TRUE,Novar Drive,Hyndland  Glasgow  G12 9TA,£995 PCM,Now,https://www.clydeproperty.co.uk/properties/rlwc2397-novar-drive-flat-1-1-hyndland-glasgow-g12-9ta/,13:39 2023/06/02,https://www.clydeproperty.co.uk/wp-content/uploads/2023/05/property-image-1083226-0-800x533.jpg
94,TRUE,Deanston Drive,Shawlands  Glasgow  G41 3AL,£950 PCM,Now,https://www.clydeproperty.co.uk/properties/rlsm969-deanston-drive-flat-2-2-shawlands-glasgow-g41-3al/,17:17 2023/06/02,https://www.clydeproperty.co.uk/wp-content/uploads/2023/06/property-image-1121610-0-800x533.jpg
95,TRUE,Meadowside Quay Walk ,Glasgow Harbour  Scotland  G11 6EE,£950 PCM,Now,https://www.clydeproperty.co.uk/properties/rlwp3214-meadowside-quay-walk-flat-8-4-glasgow-harbour-scotland-g11-6ee/,13:39 2023/06/02,https://www.clydeproperty.co.uk/wp-content/uploads/2023/05/property-image-1100551-0-800x533.jpg
96,TRUE,Addison Road,Kelvindale  Glasgow  G12 0TT,£895 PCM,Now,https://www.clydeproperty.co.uk/properties/rlwe3200-addison-road-flat-5-kelvindale-glasgow-g12-0tt/,13:39 2023/06/02,https://www.clydeproperty.co.uk/wp-content/uploads/2023/05/property-image-1107846-0-800x533.jpg
97,TRUE,Howth Drive,Glasgow  G13 1RE,£850 PCM,Now,https://www.clydeproperty.co.uk/properties/rlwh3211-howth-drive-anniesland-glasgow-g13-1re/,13:39 2023/06/02,https://www.clydeproperty.co.uk/wp-content/uploads/2023/05/property-image-1077946-0-800x533.jpg
98,TRUE,Lennox Gardens,Scotstoun  Glasgow  G14 9ER,£850 PCM,Now,https://www.clydeproperty.co.uk/properties/rlww2357-lennox-gardens-flat-2-1-scotstoun-glasgow-g14-9er/,13:39 2023/06/02,https://www.clydeproperty.co.uk/wp-content/uploads/2023/04/property-image-1027036-0-800x533.jpg
99,TRUE,Mansionhouse Gardens,Glasgow  Scotland  G41 3DP,£850 PCM,Now,https://www.clydeproperty.co.uk/properties/rlsn2099-mansionhouse-gardens-flat-1-3-glasgow-scotland-g41-3dp/,13:39 2023/06/02,https://www.clydeproperty.co.uk/wp-content/uploads/2023/05/property-image-1092778-0-800x533.jpg
100,TRUE,Kilmarnock Road,Shawlands  Glasgow  G43 1TT,£825 PCM,Now,https://www.clydeproperty.co.uk/properties/rlso1670-kilmarnock-road-flat-1-2-shawlands-glasgow-g43-1tt/,13:39 2023/06/02,https://www.clydeproperty.co.uk/wp-content/uploads/2023/06/property-image-1118843-0-800x686.jpg
